{
  "description": "大灯模拟器",
  "pre_sig":  {"BcmAutoHeadLiSetSts": 3},
  "groups":[
    {
      "name": "位置灯",
      "output_sig": {"CdcAutoHeadLiSet":"Position light-Position light-Position light-NoReq"},
      "return_sig": {"BcmAutoHeadLiSetSts": 1}
    }, {
     "name": "近光灯",
      "output_sig": {"CdcAutoHeadLiSet":"LowBeanLights-LowBeanLights-LowBeanLights-NoReq"},
      "return_sig": {"BcmAutoHeadLiSetSts": 2}
    }, {
      "name": "自动大灯",
      "output_sig": {"CdcAutoHeadLiSet":"AutoHeadLights-AutoHeadLights-AutoHeadLights-NoReq"},
      "return_sig": {"BcmAutoHeadLiSetSts": 3}
    }, {
      "name": "大灯OFF",
      "output_sig": {"CdcAutoHeadLiSet":"OFF-OFF-OFF-NoReq"},
      "return_sig": {"BcmAutoHeadLiSetSts": 0}
    }
  ]
}