{
  "groups":[
    {
      "name": "无线充电",
      "output_sig": {"ACU_WCM_SwitchStCfg": "Active"},
       "return_sig": {"WCM_ControlResult": 1}
    },
     {
      "name": "无线充电",
      "output_sig": {"ACU_WCM_SwitchStCfg": "Not Active"},
       "return_sig": {"WCM_ControlResult": 2}
    },
    {
      "name": "后备箱",
      "output_sig": {"ACU_PLGMTrunkReleaseReq": "Active"}
    },
    {
      "name": "后备箱维护",
      "output_sig": {"ACU_PLGMFuncCfg": "Disable"},
      "return_sig": {"PLGM_ModeSW": 0}

    },
    {
      "name": "后备箱维护",
      "output_sig": {"ACU_PLGMFuncCfg": "Enable"},
      "return_sig": {"PLGM_ModeSW": 1}

    },
    {
      "name": "慢充枪电子锁",
      "expect_focus": "ON",
      "output_sig": {"ACU_ChgOutletUnlockReq": "Request"}
    },
    {
      "name": "慢充枪电子锁",
      "output_sig": {"ACU_ChgOutletUnlockReq": "No request"}
    },
    {
      "name": "前置雷达",
      "expect_focus": "ON",
      "output_sig": {"ACU_PAS_ButtonPress": "Press"}
    },
    {
      "name": "前置雷达",
      "expect_focus": "OFF",
      "output_sig": {"ACU_PAS_ButtonPress": "Not Press"}
    },
    {
      "name": "充电模式",
      "expect_focus": "即刻充电",
      "output_sig": {"ACU_TBOX_BookChrgMode": "Charge immediately"}
    },
    {
      "name": "充电模式",
      "expect_focus": "预约充电",
      "output_sig": {"ACU_TBOX_BookChrgMode": "Booking charge"}
    },
    {
      "name": "放电开关",
      "expect_focus": "开始放电",
      "output_sig": {"ACU_DischgReq": "Active"}
    },
    {
      "name": "放电开关",
      "expect_focus": "停止放电",
      "output_sig": {"ACU_DischgReq": "Not active"}
    },

    {
      "name": "舒适模式",
      "output_sig": {"ACU_DrvModCfg": "Normal Mode"},
      "return_sig": {"VCU_VehDrvMod": 3}
    },
    {
      "name": "运动模式",
      "output_sig": {"ACU_DrvModCfg": "SPORT Mode"},
      "return_sig": {"VCU_VehDrvMod": 5}
    },
    {
      "name": "节能模式",
      "expect_focus": "ON",
      "output_sig": {"ACU_DrvModCfg": "ECO Mode"},
      "channel": 1,
      "return_sig": {"VCU_VehDrvMod": 2}
    },
    {
      "name": "I-Pedal",
      "expect_focus": "ON",
      "output_sig": {"ACU_DrvModCfg": "I-pedal ON"},
      "channel": 1,
      "return_sig": {"VCU_VehDrvMod": 6}
    },
    {
      "name": "极致节能",
      "expect_focus": "ON",
      "output_sig": {"ACU_EcoPlusModeCfg": "ON"},
      "channel": 1,
      "return_sig": {"VCU_VehDrvMod": 1}
    },
    {
      "name": "坡道缓降",
      "expect_focus": "ON",
      "output_sig": {"ACU_HDCFuncSWCfg": "HDC On"},
      "channel": 1,
      "return_sig": {"BCS_HDCFuncResp": 1}
    },
    {
      "name": "坡道缓降",
      "expect_focus": "OFF",
      "output_sig": {"ACU_HDCFuncSWCfg": "HDC Off"},
      "channel": 1,
      "return_sig": {"BCS_HDCFuncResp": 0}
    },
    {
      "name": "ESP开关",
      "expect_focus": "PRESS",
      "output_sig": {"ACU_ESPFuncSWCfg": "TCS Off"},
      "channel": 1,
      "return_sig": {"BCS_ESPFuncResp": 1}
    },
    {
      "name": "ESP开关",
      "expect_focus": "PRESS",
      "output_sig": {"ACU_ESPFuncSWCfg": "TCS Off&VDC Off"},
      "channel": 1,
      "return_sig": {"BCS_ESPFuncResp": 2}
    },
     {
      "name": "ESP开关",
      "expect_focus": "PRESS",
      "output_sig": {"ACU_ESPFuncSWCfg": "ESP On"},
      "channel": 1,
      "return_sig": {"BCS_ESPFuncResp": 0}
    },
    {
      "name": "智能迎宾灯",
      "expect_focus": "ON",
      "output_sig": {"ACU_PEPSWELCfg": "Active"},
      "channel": 1,
      "return_sig": {"PEPS_WELCfgSt": 1}
    },
    {
      "name": "智能迎宾灯",
      "expect_focus": "OFF",
      "output_sig": {"ACU_PEPSWELCfg": "Not active"},
      "channel": 1,
      "return_sig": {"PEPS_WELCfgSt": 0}
    },
    {
      "name": "迎宾提示音",
      "expect_focus": "ON",
      "output_sig": {"ACU_AVAS_WelToneCfg": "Active"},
      "channel": 1,
      "return_sig": {"AVAS_ACU_WelToneSt": 1}
    },
    {
      "name": "迎宾提示音",
      "expect_focus": "OFF",
      "output_sig": {"ACU_AVAS_WelToneCfg": "Not active"},
      "channel": 1,
      "return_sig": {"AVAS_ACU_WelToneSt": 0}
    },
    {
      "name": "座椅迎宾模式",
      "expect_focus": "ON",
      "output_sig": {"ACU_MSMWelcomeFuncCfg": "Active"},
      "channel": 1,
      "return_sig": {"MSM_WelcomeFuncCfgSt": 1}
    },
    {
      "name": "座椅迎宾模式",
      "expect_focus": "OFF",
      "output_sig": {"ACU_MSMWelcomeFuncCfg": "Not active"},
      "channel": 1,
      "return_sig": {"MSM_WelcomeFuncCfgSt": 0}
    },
    {
      "name": "驻车自动解锁",
      "expect_focus": "ON",
      "output_sig": {"ACU_BCM_AutoUnlockCfg": "Active"},
      "channel": 1,
      "return_sig": {"BCM_AutoUnlockCfgSt": 1}
    },
    {
      "name": "驻车自动解锁",
      "expect_focus": "OFF",
      "output_sig": {"ACU_BCM_AutoUnlockCfg": "Not active"},
      "channel": 1,
      "return_sig": {"BCM_AutoUnlockCfgSt": 0}
    },
    {
      "name": "近车自动解锁",
      "expect_focus": "ON",
      "output_sig": {"ACU_PEPSAPUCfg": "Active"},
      "channel": 1,
      "return_sig": {"PEPS_APUCfgSt": 1}
    },
    {
      "name": "近车自动解锁",
      "expect_focus": "OFF",
      "output_sig": {"ACU_PEPSAPUCfg": "Not active"},
      "channel": 1,
      "return_sig": {"PEPS_APUCfgSt": 0}
    },
    {
      "name": "车速自动上锁",
      "expect_focus": "ON",
      "output_sig": {"ACU_BCM_SpdAutoLockCfg": "Active"},
      "channel": 1,
      "return_sig": {"BCM_SpdAutoLockCfgSt": 1}
    },
    {
      "name": "车速自动上锁",
      "expect_focus": "OFF",
      "output_sig": {"ACU_BCM_SpdAutoLockCfg": "Not active"},
      "channel": 1,
      "return_sig": {"BCM_SpdAutoLockCfgSt": 0}
    },
    {
      "name": "离车自动上锁",
      "expect_focus": "ON",
      "output_sig": {"ACU_PEPSWALCfg": "Active"},
      "channel": 1,
      "return_sig": {"PEPS_WALCfgSt": 1}
    },
    {
      "name": "离车自动上锁",
      "expect_focus": "OFF",
      "output_sig": {"ACU_PEPSWALCfg": "Not active"},
      "channel": 1,
      "return_sig": {"PEPS_WALCfgSt": 0}
    },
    {
      "name": "解锁/上锁提示音",
      "expect_focus": "ON",
      "output_sig": {"ACU_BCM_HornCfg": "Active"},
      "channel": 1,
      "return_sig": {"BCM_HornCfgSt": 1}
    },
    {
      "name": "解锁/上锁提示音",
      "expect_focus": "OFF",
      "output_sig": {"ACU_BCM_HornCfg": "Not active"},
      "channel": 1,
      "return_sig": {"BCM_HornCfgSt": 0}
    },
    {
      "name": "钥匙解锁模式",
      "expect_focus": "全车解锁",
      "output_sig": {"ACU_BCM_RemoteUnlockCfg": "All doors"},
      "channel": 1,
      "return_sig": {"BCM_RemoteUnlockCfgSt": 0}
    },
    {
      "name": "钥匙解锁模式",
      "expect_focus": "主驾车门解锁",
      "output_sig": {"ACU_BCM_RemoteUnlockCfg": "Only driver door"},
      "channel": 1,
      "return_sig": {"BCM_RemoteUnlockCfgSt": 1}
    },
    {
      "name": "遥控车窗和天窗",
      "expect_focus": "ON",
      "output_sig": {"ACU_BCM_RemoteCtrlFDMRMCfg": "Active"},
      "channel": 1,
      "return_sig": {"BCM_RemoteCtrlFDMRMCfgSt": 1}
    },
    {
      "name": "遥控车窗和天窗",
      "expect_focus": "OFF",
      "output_sig": {"ACU_BCM_RemoteCtrlFDMRMCfg": "Not active"},
      "channel": 1,
      "return_sig": {"BCM_RemoteCtrlFDMRMCfgSt": 0}
    },
    {
      "name": "后备箱自动开启",
      "expect_focus": "感应+提示音",
      "output_sig": {"ACU_PEPSSATOCfg": "SATO function  and sound reminder active"},
      "channel": 1,
      "return_sig": {"PEPS_SATOCfgSt": 2}
    },
    {
      "name": "后备箱自动开启",
      "expect_focus": "仅感应",
      "output_sig": {"ACU_PEPSSATOCfg": "SATO function Active"},
      "channel": 1,
      "return_sig": {"PEPS_SATOCfgSt": 1}
    },
    {
      "name": "后备箱自动开启",
      "expect_focus": "关闭",
      "output_sig": {"ACU_PEPSSATOCfg": "Not active"},
      "channel": 1,
      "return_sig": {"PEPS_SATOCfgSt": 0}
    },
    {
      "name": "日间行车灯",
      "expect_focus": "ON",
      "output_sig": {"ACU_BCM_DTRLFuncCfg": "Active"},
      "channel": 1,
      "return_sig": {"BCM_DTRLFuncCfgSt": 1}
    },
    {
      "name": "日间行车灯",
      "expect_focus": "OFF",
      "output_sig": {"ACU_BCM_DTRLFuncCfg": "Not active"},
      "channel": 1,
      "return_sig": {"BCM_DTRLFuncCfgSt": 0}
    },
    {
      "name": "雾灯转向照明设置",
      "expect_focus": "ON",
      "output_sig": {"ACU_BCM_FogLampTurnCfg": "Active"},
      "channel": 1,
      "return_sig": {"BCM_FogLampTurnCfgSt": 1}
    },
    {
      "name": "雾灯转向照明设置",
      "expect_focus": "OFF",
      "output_sig": {"ACU_BCM_FogLampTurnCfg": "Not active"},
      "channel": 1,
      "return_sig": {"BCM_FogLampTurnCfgSt": 0}
    },
    {
      "name": "智能远光灯控制",
      "expect_focus": "ON",
      "output_sig": {"ACU_HMA_SwitchReq": "Active"},
      "channel": 0,
      "return_sig": {"IFC_HMA_Enable": 1}
    },
    {
      "name": "智能远光灯控制",
      "expect_focus": "OFF",
      "output_sig": {"ACU_HMA_SwitchReq": "Not active"},
      "channel": 0,
      "return_sig": {"IFC_HMA_Enable": 0}
    },
    {
      "name": "自动大灯灵敏度",
      "expect_focus": "低",
      "output_sig": {"ACU_BCM_AutoLightSnsCfg": "Low sensitivity"},
      "channel": 1,
      "return_sig": {"BCM_AutoLightSnsCfgSt": 3}
    },
    {
      "name": "自动大灯灵敏度",
      "expect_focus": "中",
      "output_sig": {"ACU_BCM_AutoLightSnsCfg": "Medium sensitivity"},
      "channel": 1,
      "return_sig": {"BCM_AutoLightSnsCfgSt": 2}
    },
    {
      "name": "自动大灯灵敏度",
      "expect_focus": "高",
      "output_sig": {"ACU_BCM_AutoLightSnsCfg": "High sensitivity"},
      "channel": 1,
      "return_sig": {"BCM_AutoLightSnsCfgSt": 1}
    },
    {
      "name": "伴我回家",
      "expect_focus": "近光 + 雾灯",
      "output_sig": {"ACU_BCM_FollowMeHomeCfg": "Low beam and rear fog lamp"},
      "channel": 1,
      "return_sig": {"BCM_FollowMeHomeCfgSt": 2}
    },
    {
      "name": "伴我回家",
      "expect_focus": "近光",
      "output_sig": {"ACU_BCM_FollowMeHomeCfg": "Only low beam"},
      "channel": 1,
      "return_sig": {"BCM_FollowMeHomeCfgSt": 1}
    },
    {
      "name": "伴我回家",
      "expect_focus": "关闭",
      "output_sig": {"ACU_BCM_FollowMeHomeCfg": "Not active"},
      "channel": 1,
      "return_sig": {"BCM_FollowMeHomeCfgSt": 0}
    },
    {
      "name": "为车内提供氛围效果的照明灯",
      "expect_focus": "ON",
      "output_sig": {"ACU_IAL_FunctionCfg": "On"},
      "channel": 1,
      "return_sig": {"IAL_WorkSt": 1}
    },
    {
      "name": "为车内提供氛围效果的照明灯",
      "expect_focus": "OFF",
      "output_sig": {"ACU_IAL_FunctionCfg": "Off"},
      "channel": 1,
      "return_sig": {"IAL_WorkSt": 0}
    },
    {
      "name": "自动阅读灯",
      "output_sig": {"ACU_BCM_BCAutoDomeLightCtrl": "Enable"},
      "return_sig": {"BCM_AutoDomeLightCfgSt": 1}
    },
    {
      "name": "自动阅读灯",
      "output_sig": {"ACU_BCM_BCAutoDomeLightCtrl": "Disable"},
      "return_sig": {"BCM_AutoDomeLightCfgSt": 0}
    },
    {
      "name": "亮度",
      "output_sig": {"ACU_IAL_BrightnessCfg": [1,2,3,4,5,6,7,8]}
    },
    {
      "name": "颜色模式",
      "expect_focus": "随动模式",
      "output_sig": {"ACU_IAL_DriverModeCfg": "active"},
      "channel": 1,
      "return_sig": {"IAL_DriverModeCfg": 1, "IAL_ColourChooseCfg":0}
    },
    {
      "name": "颜色模式",
      "expect_focus": "自定义",
      "output_sig": {"ACU_IAL_ColourChooseCfg": "active"},
      "channel": 1,
      "return_sig": {"IAL_DriverModeCfg": 0, "IAL_ColourChooseCfg":1}
    },
    {
      "name": "颜色设置",
      "output_sig": {"ACU_IAL_ColorCfg": [1,2,3,4,5,6,7,8,9,10,11,12,13,14,15,16,17,18,19,20,21,22,23,24,25,26,27,28,29,30,31,32]}
    },
    {
      "name": "自动雨刮",
      "expect_focus": "ON",
      "output_sig": {"ACU_BCM_AutoWiperCfg": "Auto"},
      "channel": 1,
      "return_sig": {"BCM_AutoWiperCfgSt": 1}
    },
    {
      "name": "自动雨刮",
      "expect_focus": "OFF",
      "output_sig": {"ACU_BCM_AutoWiperCfg": "Intermittent"},
      "channel": 1,
      "return_sig": {"BCM_AutoWiperCfgSt": 0}
    },
    {
      "name": "前雨刮维护",
      "output_sig": {"ACU_BCM_FrontWiperSerPstFuncCfg": "Active"},
      "return_sig": {"BCM_FrontWiperSerPstFuncCfgSt": 1}
    },
    {
      "name": "前雨刮维护",
      "output_sig": {"ACU_BCM_FrontWiperSerPstFuncCfg": "Not active"},
      "return_sig": {"BCM_FrontWiperSerPstFuncCfgSt": 0}
    },
    {
      "name": "外后视镜自动折叠",
      "expect_focus": "ON",
      "output_sig": {"ACU_BCMOSRMAutoFoldCfg": "Active"},
      "channel": 1,
      "return_sig": {"BCM_OSRMAutoFoldCfgSt": 1}
    },
    {
      "name": "外后视镜自动折叠",
      "expect_focus": "OFF",
      "output_sig": {"ACU_BCMOSRMAutoFoldCfg": "Not active"},
      "channel": 1,
      "return_sig": {"BCM_OSRMAutoFoldCfgSt": 0}
    },
    {
      "name": "倒车外后视镜自动下翻",
      "expect_focus": "ON",
      "output_sig": {"ACU_MSM_OSRMAngleAdjFuncCfg": "Auto"},
      "channel": 1,
      "return_sig": {"FLDCM_OSRMAngleAdjFuncCfgSt": 2}
    },
    {
      "name": "倒车外后视镜自动下翻",
      "expect_focus": "OFF",
      "output_sig": {"ACU_MSM_OSRMAngleAdjFuncCfg": "Off"},
      "channel": 1,
      "return_sig": {"FLDCM_OSRMAngleAdjFuncCfgSt": 0}
    },
    {
      "name": "外后视镜角度调整",
      "output_sig": {"ACU_MSM_OSRMAngleSave": "Start"}
    },
    {
      "name": "外后视镜角度调整",
      "output_sig": {"ACU_MSM_OSRMAngleSave": "Save"}
    },
    {
      "name": "外后视镜角度调整",
      "output_sig": {"ACU_MSM_OSRMAngleSave": "Cancel"}
    },
    {
      "name": "Auto 模式自动开启空气循环",
      "expect_focus": "ON",
      "output_sig": {"ACU_HVAC_AirCirCfg": "Auto air circulation"},
      "channel": 1,
      "return_sig": {"HVAC_AirCirCfgSt": 0}
    },
    {
      "name": "Auto 模式自动开启空气循环",
      "expect_focus": "OFF",
      "output_sig": {"ACU_HVAC_AirCirCfg": "Manual air circulation"},
      "channel": 1,
      "return_sig": {"HVAC_AirCirCfgSt": 1}
    },
    {
      "name": "Auto 模式风速",
      "expect_focus": "高",
      "output_sig": {"ACU_HVACF_FanspeedCfg": "High"},
      "channel": 1,
      "return_sig": {"HVAC_FanspeedCfgSt": 2}
    },
    {
      "name": "Auto 模式风速",
      "expect_focus": "中",
      "output_sig": {"ACU_HVACF_FanspeedCfg": "Nornal"},
      "channel": 1,
      "return_sig": {"HVAC_FanspeedCfgSt": 1}
    },
    {
      "name": "Auto 模式风速",
      "expect_focus": "低",
      "output_sig": {"ACU_HVACF_FanspeedCfg": "Low"},
      "channel": 1,
      "return_sig": {"HVAC_FanspeedCfgSt": 0}
    },
    {
      "name": "空调舒适曲线",
      "expect_focus": "快速",
      "output_sig": {"ACU_HVAC_ComfortCfg": "Fast"},
      "channel": 1,
      "return_sig": {"HVAC_ComfortCfgSt": 2}
    },
    {
      "name": "空调舒适曲线",
      "expect_focus": "正常",
      "output_sig": {"ACU_HVAC_ComfortCfg": "Normal"},
      "channel": 1,
      "return_sig": {"HVAC_ComfortCfgSt": 1}
    },
    {
      "name": "空调舒适曲线",
      "expect_focus": "柔和",
      "output_sig": {"ACU_HVAC_ComfortCfg": "Soft"},
      "channel": 1,
      "return_sig": {"HVAC_ComfortCfgSt": 0}
    },
       {
      "name": "空调质量传感器灵敏度",
      "expect_focus": "高",
      "output_sig": {"ACU_HVACF_AQSCfg": "High sensitivity"},
      "channel": 1,
      "return_sig": {"HVAC_AirQqualitySenSt": 0}
    },
    {
      "name": "空调质量传感器灵敏度",
      "expect_focus": "中",
      "output_sig": {"ACU_HVACF_AQSCfg": "Normal sensitivity"},
      "channel": 1,
      "return_sig": {"HVAC_AirQqualitySenSt": 1}
    },
    {
      "name": "空调质量传感器灵敏度",
      "expect_focus": "低",
      "output_sig": {"ACU_HVACF_AQSCfg": "Low sensitivity"},
      "channel": 1,
      "return_sig": {"HVAC_AirQqualitySenSt": 2}
    },
    {
      "name": "充电提示音",
      "expect_focus": "ON",
      "output_sig": {"ACU_AVAS_ChgToneCfg": "Active"},
      "channel": 1,
      "return_sig": {"AVAS_ACU_ChgToneSt": 1}
    },
    {
      "name": "充电提示音",
      "expect_focus": "OFF",
      "output_sig": {"ACU_AVAS_ChgToneCfg": "Not active"},
      "channel": 1,
      "return_sig": {"AVAS_ACU_ChgToneSt": 0}
    },
    {
      "name": "放电阀值",
      "output_sig": {"ACU_DischgSocCfg": [25,30,35,40,45,50,55,60,65,70,75,80,85,90,95]}
    },
    {
      "name": "充电保温",
      "output_sig": {"ACU_WarmTimeCfg": "1h"},
      "return_sig": {"VCU_WarmTimeCfgResp": 1}
    },
    {
      "output_sig": {"ACU_WarmTimeCfg": "2h"},
      "return_sig": {"VCU_WarmTimeCfgResp": 2}
    },
     {
      "output_sig": {"ACU_WarmTimeCfg": "3h"},
      "return_sig": {"VCU_WarmTimeCfgResp": 3}
    },
     {
      "output_sig": {"ACU_WarmTimeCfg": "4h"},
      "return_sig": {"VCU_WarmTimeCfgResp": 4}
    },
     {
      "output_sig": {"ACU_WarmTimeCfg": "5h"},
      "return_sig": {"VCU_WarmTimeCfgResp": 5}
    },
     {
      "output_sig": {"ACU_WarmTimeCfg": "6h"},
      "return_sig": {"VCU_WarmTimeCfgResp": 6}
    },
     {
      "output_sig": {"ACU_WarmTimeCfg": "7h"},
      "return_sig": {"VCU_WarmTimeCfgResp": 7}
    },
     {
      "output_sig": {"ACU_WarmTimeCfg": "8h"},
      "return_sig": {"VCU_WarmTimeCfgResp": 8}
    },
     {
      "output_sig": {"ACU_WarmTimeCfg": "9h"},
      "return_sig": {"VCU_WarmTimeCfgResp": 9}
    },
     {
      "output_sig": {"ACU_WarmTimeCfg": "10h"},
      "return_sig": {"VCU_WarmTimeCfgResp": 10}
    },
    {
      "output_sig": {"ACU_WarmTimeCfg": "11h"},
      "return_sig": {"VCU_WarmTimeCfgResp": 11}
    },
    {
      "output_sig": {"ACU_WarmTimeCfg": "12h"},
      "return_sig": {"VCU_WarmTimeCfgResp": 12}
    },
    {
      "name": "充电保温",
      "expect_focus": "SEEKBAR-0",
      "output_sig": {"ACU_WarmTimeCfg": "OFF"},
      "channel": 1,
      "return_sig": {"VCU_WarmTimeCfgResp": 15}
    },
    {
      "name": "冬季长途模式",
      "expect_focus": "ON",
      "output_sig": {"ACU_LongDistCfg": "ON"},
      "channel": 1,
      "return_sig": {"VCU_LongDistResp": 1}
    },
    {
      "name": "冬季长途模式",
      "expect_focus": "OFF",
      "output_sig": {"ACU_LongDistCfg": "OFF"},
      "channel": 1,
      "return_sig": {"VCU_LongDistResp": 2}
    },
     {
      "name": "车道保持辅助",
      "expect_focus": "OFF",
      "output_sig": {"ACU_LDW_LKACfg": "Not active"},
      "channel": 0,
      "return_sig": {"IFC_LKS_St": 4}
    },
    {
      "name": "车道保持辅助",
      "expect_focus": "ON",
      "output_sig": {"ACU_LDW_LKACfg": "Active"},
      "channel": 0,
      "return_sig": {"IFC_LKS_St": 1}
    },
    {
      "name": "车道保持辅助模式",
      "expect_focus": "转向和警告",
      "output_sig": {"ACU_LKS_TypeReq": "Steering and Warning"},
      "channel": 0,
      "return_sig": {"IFC_LKS_LaneAssistType": 3}
    },
    {
      "name": "车道保持辅助模式",
      "expect_focus": "转向",
      "output_sig": {"ACU_LKS_TypeReq": "Steering"},
      "channel": 0,
      "return_sig": {"IFC_LKS_LaneAssistType": 1}
    },
    {
      "name": "车道保持辅助模式",
      "expect_focus": "警告",
      "output_sig": {"ACU_LKS_TypeReq": "Warning"},
      "channel": 0,
      "return_sig": {"IFC_LKS_LaneAssistType": 2}
    },
    {
      "name": "限速标志识别",
      "expect_focus": "OFF",
      "output_sig": {"ACU_TSR_SwitchReq": "Not active"},
      "channel": 0,
      "return_sig": {"IFC_TSR_Enable": 0}
    },
    {
      "name": "限速标志识别",
      "expect_focus": "ON",
      "output_sig": {"ACU_TSR_SwitchReq": "Active"},
      "channel": 0,
      "return_sig": {"IFC_TSR_Enable": 1}
    },
    {
      "name": "超速提示音",
      "expect_focus": "ON",
      "output_sig": {"ACU_TSR_AudioWarnReq": "On"},
      "channel": 1,
      "return_sig": {"IFC_TSR_AudioWarnEnable": 1}
    },
    {
      "name": "超速提示音",
      "expect_focus": "OFF",
      "output_sig": {"ACU_TSR_AudioWarnReq": "Off"},
      "channel": 1,
      "return_sig": {"IFC_TSR_AudioWarnEnable": 0}
    },
    {
      "name": "低速行驶提示音",
      "expect_focus": "OFF",
      "output_sig": {"ACU_AVAS_AVACfg": "Not active"},
      "channel": 1,
      "return_sig": {"AVAS_ACU_AVASt": 0}
    },
    {
      "name": "低速行驶提示音",
      "expect_focus": "ON",
      "output_sig": {"ACU_AVAS_AVACfg": "Active"},
      "channel": 1,
      "return_sig": {"AVAS_ACU_AVASt": 1}
    },
    {
      "name": "提示音类型",
      "expect_focus": "澎湃",
      "output_sig": {"ACU_AVAS_ToneTypeConfigReq": "Tone 2"},
      "channel": 1,
      "return_sig": {"AVAS_ACU_ToneTypeConfigResp": 2}
    },
    {
      "name": "提示音类型",
      "expect_focus": "灵动",
      "output_sig": {"ACU_AVAS_ToneTypeConfigReq": "Tone 3"},
      "channel": 1,
      "return_sig": {"AVAS_ACU_ToneTypeConfigResp": 3}
    },
    {
      "name": "提示音类型",
      "expect_focus": "舒缓",
      "output_sig": {"ACU_AVAS_ToneTypeConfigReq": "Tone 1"},
      "channel": 1,
      "return_sig": {"AVAS_ACU_ToneTypeConfigResp": 1}
    },
    {
      "name": "前碰撞预警",
      "expect_focus": "OFF",
      "output_sig": {"ACU_FCWOff": "Off"},
      "channel": 1,
      "return_sig": {"MRR_FCWOffSt": 1}
    },
    {
      "name": "前碰撞预警",
      "expect_focus": "ON",
      "output_sig": {"ACU_FCWOff": "On"},
      "channel": 1,
      "return_sig": {"MRR_FCWOffSt": 0}
    },
    {
      "name": "前碰撞预警距离",
      "expect_focus": "远",
      "output_sig": {"ACU_FCWWarnDistanceCfg": "Far"},
      "channel": 1,
      "return_sig": {"MRR_FCWWarnDistance": 2}
    },
    {
      "name": "前碰撞预警距离",
      "expect_focus": "中",
      "output_sig": {"ACU_FCWWarnDistanceCfg": "Normal"},
      "channel": 1,
      "return_sig": {"MRR_FCWWarnDistance": 0}
    },
    {
      "name": "前碰撞预警距离",
      "expect_focus": "近",
      "output_sig": {"ACU_FCWWarnDistanceCfg": "Close"},
      "channel": 1,
      "return_sig": {"MRR_FCWWarnDistance": 1}
    },
    {
      "name": "倒车预警系统",
      "expect_focus": "ON",
      "output_sig": {"ACU_RCTACfg": "ON Request "},
      "channel": 1,
      "return_sig": {"BSDM_RCTASt": 1}
    },
    {
      "name": "倒车预警系统",
      "expect_focus": "OFF",
      "output_sig": {"ACU_RCTACfg": "OFF Request "},
      "channel": 1,
      "return_sig": {"BSDM_RCTASt": 0}
    },
    {
      "name": "盲区监测系统",
      "expect_focus": "ON",
      "output_sig": {"ACU_BSDCfg": "ON Request "},
      "channel": 1,
      "return_sig": {"BSDM_LCASt": 1}
    },
    {
      "name": "盲区监测系统",
      "expect_focus": "OFF",
      "output_sig": {"ACU_BSDCfg": "OFF Request"},
      "channel": 1,
      "return_sig": {"BSDM_LCASt": 0}
    },
    {
      "name": "自动紧急刹车",
      "expect_focus": "ON",
      "output_sig": {"ACU_AEBOff": "On"},
      "channel": 1,
      "return_sig": {"MRR_AEBOffSt": 0}
    },
    {
      "name": "自动紧急刹车",
      "expect_focus": "OFF",
      "output_sig": {"ACU_AEBOff": "Off"},
      "channel": 1,
      "return_sig": {"MRR_AEBOffSt": 1}
    }
  ]
}