{
  "groups":[
    {
      "name": "出风模式_Face",
      "output_sig": {"ACU_HVACFR_ModeSetting": "Face"},
      "return_sig": {"HVAC_WindExitMode": 1}
    },
    {
      "name": "出风模式_Face/Foot",
      "output_sig": {"ACU_HVACFR_ModeSetting": "Face/Foot"},
      "return_sig": {"HVAC_WindExitMode": 2}
    },
    {
      "name": "出风模式_Foot",
      "output_sig": {"ACU_HVACFR_ModeSetting": "Foot"},
      "return_sig": {"HVAC_WindExitMode": 3}
    },
    {
      "name": "出风模式_Foot/Defrost",
      "output_sig": {"ACU_HVACFR_ModeSetting": "Foot/Defrost"},
      "return_sig": {"HVAC_WindExitMode": 4}
    },
    {
      "name": "OFF软按键",
      "output_sig": {"ACU_HVACFR_OffOnBtnSt": "Press"},
      "return_sig": {"HVAC_WindExitSpd": 0}
    },
    {
      "name": "Auto软按键",
      "output_sig": {"ACU_HVACFR_AutoModeBtnSt": "Press"}
    },
    {
      "name": "AC软按键",
      "output_sig": {"ACU_HVACF_ACBtnSt": "Press"}
    },
    {
      "name": "SYNC软按键",
      "output_sig": {"ACU_HVACF_DualSyncBtnSt": "Press"}
    },
    {
      "name": "负离子软按键",
      "output_sig": {"ACU_HVACF_IonBtnSt": "Press"}
    },
    {
      "name": "前除霜软按键",
      "output_sig": {"ACU_HVACF_FDefrostBtnSt": "Press"}
    },
    {
      "name": "后除霜软按键",
      "output_sig": {"ACU_HVACF_RDefrostBtnSt": "Press"}
    },
    {
      "name": "空气循环软按键",
      "output_sig": {"ACU_HVACF_CirBtnSt": "Press"}
    },
    {
      "name": "主驾温度增加软按键",
      "output_sig": {"ACU_HVACF_FLTempIncBtnSt": "Press"}
    },
    {
      "name": "副驾温度增加软按键",
      "output_sig": {"ACU_HVACF_FRTempIncBtnSt": "Press"}
    },
    {
      "name": "主驾温度减少软按键",
      "output_sig": {"ACU_HVACF_FLTempDecBtnSt": "Press"}
    },
    {
      "name": "副驾温度减少软按键",
      "output_sig": {"ACU_HVACF_FRTempDecBtnSt": "Press"}
    },
   {
      "name": "主驾温度调节",
      "output_sig": {"ACU_HVACFR_DrTempSetting": [18.0,18.5,19.0,19.5,20.0,20.5,21.0,21.5,22.0,22.5,
        23.0,23.5,24.0,24.5,25.0,25.5,26.0,26.5,27.0,27.5,28.0,28.5,29.0,29.5,30.0,30.5,31.0,31.5,32.0]}
    },
   {
     "name": "副驾温度调节",
      "output_sig": {"ACU_HVACFR_PsnTempSetting": [18.0,18.5,19.0,19.5,20.0,20.5,21.0,21.5,22.0,22.5,
        23.0,23.5,24.0,24.5,25.0,25.5,26.0,26.5,27.0,27.5,28.0,28.5,29.0,29.5,30.0,30.5,31.0,31.5,32.0]}
    },
    {
     "name": "风速调节--1级",
      "output_sig": {"ACU_HVACFR_WindSpeedSetting": "Level 1(Min)"},
      "return_sig": {"HVAC_WindExitSpd": 1}
    },
  {
     "name": "风速调节--2级",
      "output_sig": {"ACU_HVACFR_WindSpeedSetting": "Level 2"},
      "return_sig": {"HVAC_WindExitSpd": 2}
    },
  {
     "name": "风速调节--3级",
      "output_sig": {"ACU_HVACFR_WindSpeedSetting": "Level 3"},
      "return_sig": {"HVAC_WindExitSpd": 3}
    },
  {
     "name": "风速调节--4级",
      "output_sig": {"ACU_HVACFR_WindSpeedSetting": "Level 4(Mid)"},
      "return_sig": {"HVAC_WindExitSpd": 4}
    },
  {
     "name": "风速调节--5级",
      "output_sig": {"ACU_HVACFR_WindSpeedSetting": "Level 5"},
      "return_sig": {"HVAC_WindExitSpd": 5}
    },
  {
     "name": "风速调节--6级",
      "output_sig": {"ACU_HVACFR_WindSpeedSetting": "Level 6"},
      "return_sig": {"HVAC_WindExitSpd": 6}
    },
    {
     "name": "风速调节--7级",
      "output_sig": {"ACU_HVACFR_WindSpeedSetting": "Level 7(Max)"},
      "return_sig": {"HVAC_WindExitSpd": 7}
    },
    {
     "name": "主驾座椅--加热--OFF",
      "output_sig": {"ACU_HVSM_FLSeatHeatLevelReq": " OFF"},
      "return_sig": {"HVSM_FLHeatingActLevel": 0}
    },
    {
     "name": "主驾座椅--加热--Level 1",
      "output_sig": {"ACU_HVSM_FLSeatHeatLevelReq": "Level 1"},
      "return_sig": {"HVSM_FLHeatingActLevel": 1}
    },
    {
     "name": "主驾座椅--加热--Level 2",
      "output_sig": {"ACU_HVSM_FLSeatHeatLevelReq": "Level 2"},
      "return_sig": {"HVSM_FLHeatingActLevel": 2}
    },
    {
     "name": "主驾座椅--加热--Level 3",
      "output_sig": {"ACU_HVSM_FLSeatHeatLevelReq": "Level 3"},
      "return_sig": {"HVSM_FLHeatingActLevel": 3}
    },
    {
     "name": "主驾座椅--通风--OFF",
      "output_sig": {"ACU_HVSM_FLSeatVentLevelReq": " OFF"},
      "return_sig": {"HVSM_FLVentilatingActLevel": 0}
    },
    {
     "name": "主驾座椅--通风--Level 1",
      "output_sig": {"ACU_HVSM_FLSeatVentLevelReq": "Level 1"},
      "return_sig": {"HVSM_FLVentilatingActLevel": 1}
    },
    {
     "name": "主驾座椅--通风--Level 2",
      "output_sig": {"ACU_HVSM_FLSeatVentLevelReq": "Level 2"},
      "return_sig": {"HVSM_FLVentilatingActLevel": 2}
    },
    {
     "name": "主驾座椅--通风--Level 3",
      "output_sig": {"ACU_HVSM_FLSeatVentLevelReq": "Level 3"},
      "return_sig": {"HVSM_FLVentilatingActLevel": 3}
    },
    {
     "name": "副驾座椅--加热--OFF",
      "output_sig": {"ACU_HVSM_FRSeatHeatLevelReq": " OFF"},
      "return_sig": {"HVSM_FRHeatingActLevel": 0}
    },
    {
     "name": "副驾座椅--加热--Level 1",
      "output_sig": {"ACU_HVSM_FRSeatHeatLevelReq": "Level 1"},
      "return_sig": {"HVSM_FRHeatingActLevel": 1}
    },
    {
     "name": "副驾座椅--加热--Level 2",
      "output_sig": {"ACU_HVSM_FRSeatHeatLevelReq": "Level 2"},
      "return_sig": {"HVSM_FRHeatingActLevel": 2}
    },
    {
     "name": "副驾座椅--加热--Level 3",
      "output_sig": {"ACU_HVSM_FRSeatHeatLevelReq": "Level 3"},
      "return_sig": {"HVSM_FRHeatingActLevel": 3}
    },
    {
     "name": "主驾座椅--Auto",
      "output_sig": {"ACU_FLHVSMAutoModeCfg": "Auto mode ON"},
      "return_sig": {"HVSM_FLHVSMAutoModeSt": 1}
    },
    {
     "name": "主驾座椅--Auto",
      "output_sig": {"ACU_FLHVSMAutoModeCfg": "Auto mode OFF"},
      "return_sig": {"HVSM_FLHVSMAutoModeSt": 0}
    },
    {
     "name": "副驾座椅--Auto",
      "output_sig": {"ACU_FRHVSMAutoModeCfg": "Auto mode ON"},
      "return_sig": {"HVSM_FRHVSMAutoModeSt": 1}
    },
    {
     "name": "副驾座椅--Auto",
      "output_sig": {"ACU_FRHVSMAutoModeCfg": "Auto mode OFF"},
      "return_sig": {"HVSM_FRHVSMAutoModeSt": 0}
    },
    {
     "name": "语音控制双区温度增加",
      "output_sig": {"ACU_HVACF_VR_TempChange": 2.0}
    },
    {
     "name": "语音控制双区温度减小",
      "output_sig": {"ACU_HVACF_VR_TempChange": -2.0}
    },
    {
     "name": "语音控制副驾温度增加",
      "output_sig": {"ACU_HVACF_VR_PsnTempChange": 2.0}
    },
    {
     "name": "语音控制副驾温度减小",
      "output_sig": {"ACU_HVACF_VR_PsnTempChange": -2.0}
    },
    {
     "name": "语音控制双区温度设置",
      "output_sig": {"ACU_HVACF_VR_TempSetting": [18.0,18.5,19.0,19.5,20.0,20.5,21.0,21.5,22.0,22.5,
        23.0,23.5,24.0,24.5,25.0,25.5,26.0,26.5,27.0,27.5,28.0,28.5,29.0,29.5,30.0,30.5,31.0,31.5,32.0]}
    },
    {
     "name": "语音控制副驾温度设置",
      "output_sig": {"ACU_HVACF_VR_PsnTempSetting": [18.0,18.5,19.0,19.5,20.0,20.5,21.0,21.5,22.0,22.5,
        23.0,23.5,24.0,24.5,25.0,25.5,26.0,26.5,27.0,27.5,28.0,28.5,29.0,29.5,30.0,30.5,31.0,31.5,32.0]}
    },
    {
     "name": "语音控制打开空调",
      "output_sig": {"ACU_HVACF_VR_HVACONOFF": "On"},
      "return_sig": {"HVAC_WindExitSpd": 1}
    },
    {
     "name": "语音控制关闭空调",
      "output_sig": {"ACU_HVACF_VR_HVACONOFF": "Off"},
      "return_sig": {"HVAC_WindExitSpd": 0}
    },
    {
     "name": "语音风速调节--1级",
      "output_sig": {"ACU_HVACF_VR_WindSpeedSetting": "Level 1(Min)"},
      "return_sig": {"HVAC_WindExitSpd": 1}
    },
  {
     "name": "语音风速调节--2级",
      "output_sig": {"ACU_HVACF_VR_WindSpeedSetting": "Level 2"},
      "return_sig": {"HVAC_WindExitSpd": 2}
    },
  {
     "name": "语音风速调节--3级",
      "output_sig": {"ACU_HVACF_VR_WindSpeedSetting": "Level 3"},
      "return_sig": {"HVAC_WindExitSpd": 3}
    },
  {
     "name": "风速调节--4级",
      "output_sig": {"ACU_HVACF_VR_WindSpeedSetting": "Level 4(Mid)"},
      "return_sig": {"HVAC_WindExitSpd": 4}
    },
  {
     "name": "风速调节--5级",
      "output_sig": {"ACU_HVACF_VR_WindSpeedSetting": "Level 5"},
      "return_sig": {"HVAC_WindExitSpd": 5}
    },
  {
     "name": "风速调节--6级",
      "output_sig": {"ACU_HVACF_VR_WindSpeedSetting": "Level 6"},
      "return_sig": {"HVAC_WindExitSpd": 6}
    },
    {
     "name": "风速调节--7级",
      "output_sig": {"ACU_HVACF_VR_WindSpeedSetting": "Level 7(Max)"},
      "return_sig": {"HVAC_WindExitSpd": 7}
    }
  ]
}